<?xml version="1.0" encoding="UTF-8"?>
<GenRun Id="synth_flatten" LaunchPart="xc7z020clg400-1" LaunchTime="1538127794">
  <File Type="PA-TCL" Name="uart_top.tcl"/>
  <File Type="RDS-PROPCONSTRS" Name="uart_top_drc_synth.rpt"/>
  <File Type="REPORTS-TCL" Name="uart_top_reports.tcl"/>
  <File Type="RDS-RDS" Name="uart_top.vds"/>
  <File Type="RDS-UTIL" Name="uart_top_utilization_synth.rpt"/>
  <File Type="RDS-UTIL-PB" Name="uart_top_utilization_synth.pb"/>
  <File Type="RDS-DCP" Name="uart_top.dcp"/>
  <File Type="VDS-TIMINGSUMMARY" Name="uart_top_timing_summary_synth.rpt"/>
  <File Type="VDS-TIMING-PB" Name="uart_top_timing_summary_synth.pb"/>
  <FileSet Name="sources" Type="DesignSrcs" RelSrcDir="$PSRCDIR/sources_1">
    <Filter Type="Srcs"/>
    <File Path="$PSRCDIR/sources_1/bd/system/system.bd">
      <FileInfo>
        <Attr Name="UsedIn" Val="synthesis"/>
        <Attr Name="UsedIn" Val="implementation"/>
        <Attr Name="UsedIn" Val="simulation"/>
      </FileInfo>
    </File>
    <File Path="$PSRCDIR/sources_1/imports/lab2/led_ctl.v">
      <FileInfo>
        <Attr Name="ImportPath" Val="$PPRDIR/../../2018_2_zynq_sources/lab2/led_ctl.v"/>
        <Attr Name="ImportTime" Val="1454297008"/>
        <Attr Name="UsedIn" Val="synthesis"/>
        <Attr Name="UsedIn" Val="implementation"/>
        <Attr Name="UsedIn" Val="simulation"/>
      </FileInfo>
    </File>
    <File Path="$PSRCDIR/sources_1/imports/lab2/meta_harden.v">
      <FileInfo>
        <Attr Name="ImportPath" Val="$PPRDIR/../../2018_2_zynq_sources/lab2/meta_harden.v"/>
        <Attr Name="ImportTime" Val="1355084792"/>
        <Attr Name="UsedIn" Val="synthesis"/>
        <Attr Name="UsedIn" Val="implementation"/>
        <Attr Name="UsedIn" Val="simulation"/>
      </FileInfo>
    </File>
    <File Path="$PSRCDIR/sources_1/bd/system/hdl/system_wrapper.v">
      <FileInfo>
        <Attr Name="UsedIn" Val="synthesis"/>
        <Attr Name="UsedIn" Val="implementation"/>
        <Attr Name="UsedIn" Val="simulation"/>
      </FileInfo>
    </File>
    <File Path="$PSRCDIR/sources_1/imports/lab2/uart_baud_gen.v">
      <FileInfo>
        <Attr Name="ImportPath" Val="$PPRDIR/../../2018_2_zynq_sources/lab2/uart_baud_gen.v"/>
        <Attr Name="ImportTime" Val="1355084794"/>
        <Attr Name="UsedIn" Val="synthesis"/>
        <Attr Name="UsedIn" Val="implementation"/>
        <Attr Name="UsedIn" Val="simulation"/>
      </FileInfo>
    </File>
    <File Path="$PSRCDIR/sources_1/imports/lab2/uart_led.v">
      <FileInfo>
        <Attr Name="ImportPath" Val="$PPRDIR/../../2018_2_zynq_sources/lab2/uart_led.v"/>
        <Attr Name="ImportTime" Val="1375869970"/>
        <Attr Name="UsedIn" Val="synthesis"/>
        <Attr Name="UsedIn" Val="implementation"/>
        <Attr Name="UsedIn" Val="simulation"/>
      </FileInfo>
    </File>
    <File Path="$PSRCDIR/sources_1/imports/lab2/uart_rx.v">
      <FileInfo>
        <Attr Name="ImportPath" Val="$PPRDIR/../../2018_2_zynq_sources/lab2/uart_rx.v"/>
        <Attr Name="ImportTime" Val="1355084794"/>
        <Attr Name="UsedIn" Val="synthesis"/>
        <Attr Name="UsedIn" Val="implementation"/>
        <Attr Name="UsedIn" Val="simulation"/>
      </FileInfo>
    </File>
    <File Path="$PSRCDIR/sources_1/imports/lab2/uart_rx_ctl.v">
      <FileInfo>
        <Attr Name="ImportPath" Val="$PPRDIR/../../2018_2_zynq_sources/lab2/uart_rx_ctl.v"/>
        <Attr Name="ImportTime" Val="1355084796"/>
        <Attr Name="UsedIn" Val="synthesis"/>
        <Attr Name="UsedIn" Val="implementation"/>
        <Attr Name="UsedIn" Val="simulation"/>
      </FileInfo>
    </File>
    <File Path="$PSRCDIR/sources_1/imports/lab2/uart_top.v">
      <FileInfo>
        <Attr Name="ImportPath" Val="$PPRDIR/../../2018_2_zynq_sources/lab2/uart_top.v"/>
        <Attr Name="ImportTime" Val="1451381258"/>
        <Attr Name="UsedIn" Val="synthesis"/>
        <Attr Name="UsedIn" Val="implementation"/>
        <Attr Name="UsedIn" Val="simulation"/>
      </FileInfo>
    </File>
    <Config>
      <Option Name="DesignMode" Val="RTL"/>
      <Option Name="TopModule" Val="uart_top"/>
      <Option Name="TopAutoSet" Val="TRUE"/>
    </Config>
  </FileSet>
  <FileSet Name="constrs_in" Type="Constrs" RelSrcDir="$PSRCDIR/constrs_1">
    <Filter Type="Constrs"/>
    <File Path="$PSRCDIR/constrs_1/imports/lab2/uart_led_timing_pynq.xdc">
      <FileInfo>
        <Attr Name="ImportPath" Val="$PPRDIR/../../2018_2_zynq_sources/lab2/uart_led_timing_pynq.xdc"/>
        <Attr Name="ImportTime" Val="1535959475"/>
        <Attr Name="UsedIn" Val="synthesis"/>
        <Attr Name="UsedIn" Val="implementation"/>
      </FileInfo>
    </File>
    <File Path="$PSRCDIR/constrs_1/imports/lab2/uart_led_pins_pynq.xdc">
      <FileInfo>
        <Attr Name="ImportPath" Val="$PPRDIR/../../2018_2_zynq_sources/lab2/uart_led_pins_pynq.xdc"/>
        <Attr Name="ImportTime" Val="1535957237"/>
        <Attr Name="UsedIn" Val="synthesis"/>
        <Attr Name="UsedIn" Val="implementation"/>
      </FileInfo>
    </File>
    <Config>
      <Option Name="ConstrsType" Val="XDC"/>
    </Config>
  </FileSet>
  <Strategy Version="1" Minor="2">
    <StratHandle Name="Vivado Synthesis Defaults" Flow="Vivado Synthesis 2018"/>
    <Step Id="synth_design">
      <Option Id="FlattenHierarchy">0</Option>
    </Step>
  </Strategy>
</GenRun>
