<?xml version="1.0"?>
<Runs Version="1" Minor="0">
	<Run Id="system_processing_system7_0_0_synth_1" LaunchDir="C:/xup/fpga_flow/2018_2_zynq_labs/lab2/lab2.runs/system_processing_system7_0_0_synth_1" FlowId="Vivado_Synthesis" FromStepId="vivado" ToStepId="vivado"/>
	<Run Id="synth_flatten" LaunchDir="C:/xup/fpga_flow/2018_2_zynq_labs/lab2/lab2.runs/synth_flatten" FlowId="Vivado_Synthesis" FromStepId="vivado" ToStepId="vivado">
		<Parent Id="system_processing_system7_0_0_synth_1"/>
	</Run>
	<Run Id="impl_2" LaunchDir="C:/xup/fpga_flow/2018_2_zynq_labs/lab2/lab2.runs/impl_2" FlowId="Vivado_Implementation" FromStepId="init_design" ToStepId="write_bitstream">
		<Parent Id="synth_flatten"/>
		<Parent Id="system_processing_system7_0_0_synth_1"/>
	</Run>
</Runs>

