<?xml version="1.0" encoding="UTF-8"?>
<GenRun Id="synth_1" LaunchPart="xc7z020clg400-1" LaunchTime="1535706063">
  <File Type="PA-TCL" Name="lab1.tcl"/>
  <File Type="RDS-PROPCONSTRS" Name="lab1_drc_synth.rpt"/>
  <File Type="REPORTS-TCL" Name="lab1_reports.tcl"/>
  <File Type="RDS-RDS" Name="lab1.vds"/>
  <File Type="RDS-UTIL" Name="lab1_utilization_synth.rpt"/>
  <File Type="RDS-UTIL-PB" Name="lab1_utilization_synth.pb"/>
  <File Type="RDS-DCP" Name="lab1.dcp"/>
  <File Type="VDS-TIMINGSUMMARY" Name="lab1_timing_summary_synth.rpt"/>
  <File Type="VDS-TIMING-PB" Name="lab1_timing_summary_synth.pb"/>
  <FileSet Name="sources" Type="DesignSrcs" RelSrcDir="$PSRCDIR/sources_1">
    <Filter Type="Srcs"/>
    <File Path="$PSRCDIR/sources_1/imports/lab1/lab1.v">
      <FileInfo>
        <Attr Name="ImportPath" Val="$PPRDIR/../../2018_2_zynq_sources/lab1/lab1.v"/>
        <Attr Name="ImportTime" Val="1374119870"/>
        <Attr Name="UsedIn" Val="synthesis"/>
        <Attr Name="UsedIn" Val="implementation"/>
        <Attr Name="UsedIn" Val="simulation"/>
      </FileInfo>
    </File>
    <Config>
      <Option Name="DesignMode" Val="RTL"/>
      <Option Name="TopModule" Val="lab1"/>
      <Option Name="TopAutoSet" Val="TRUE"/>
    </Config>
  </FileSet>
  <FileSet Name="constrs_in" Type="Constrs" RelSrcDir="$PSRCDIR/constrs_1">
    <Filter Type="Constrs"/>
    <File Path="$PSRCDIR/constrs_1/imports/lab1/lab1_zynq.xdc">
      <FileInfo>
        <Attr Name="ImportPath" Val="$PPRDIR/../../2018_2_zynq_sources/lab1/lab1_zynq.xdc"/>
        <Attr Name="ImportTime" Val="1535532554"/>
        <Attr Name="UsedIn" Val="synthesis"/>
        <Attr Name="UsedIn" Val="implementation"/>
      </FileInfo>
    </File>
    <Config>
      <Option Name="ConstrsType" Val="XDC"/>
    </Config>
  </FileSet>
  <Strategy Version="1" Minor="2">
    <StratHandle Name="Vivado Synthesis Defaults" Flow="Vivado Synthesis 2018"/>
    <Step Id="synth_design"/>
  </Strategy>
</GenRun>
